{
  "hash": "f41dda42",
  "configHash": "0a842eeb",
  "lockfileHash": "549a8566",
  "browserHash": "f783ec33",
  "optimized": {
    "@angular/common/http": {
      "src": "../../../../../node_modules/@angular/common/fesm2022/http.mjs",
      "file": "@angular_common_http.js",
      "fileHash": "dd606513",
      "needsInterop": false
    },
    "@angular/core": {
      "src": "../../../../../node_modules/@angular/core/fesm2022/core.mjs",
      "file": "@angular_core.js",
      "fileHash": "b2595db5",
      "needsInterop": false
    },
    "@angular/forms": {
      "src": "../../../../../node_modules/@angular/forms/fesm2022/forms.mjs",
      "file": "@angular_forms.js",
      "fileHash": "de2f1f92",
      "needsInterop": false
    },
    "@angular/platform-browser": {
      "src": "../../../../../node_modules/@angular/platform-browser/fesm2022/platform-browser.mjs",
      "file": "@angular_platform-browser.js",
      "fileHash": "a0f7edea",
      "needsInterop": false
    },
    "@angular/router": {
      "src": "../../../../../node_modules/@angular/router/fesm2022/router.mjs",
      "file": "@angular_router.js",
      "fileHash": "25dd0ece",
      "needsInterop": false
    }
  },
  "chunks": {
    "chunk-VPNX6L6B": {
      "file": "chunk-VPNX6L6B.js"
    },
    "chunk-CTVUSWT4": {
      "file": "chunk-CTVUSWT4.js"
    },
    "chunk-5OTNW7E7": {
      "file": "chunk-5OTNW7E7.js"
    },
    "chunk-TMUGLGNE": {
      "file": "chunk-TMUGLGNE.js"
    }
  }
}